epoch,categorical_accuracy,loss,lr,val_categorical_accuracy,val_loss
0,0.0005694761057384312,48.349761962890625,7.75e-05,0.0,42.885276794433594
