epoch,bottleneck_bn_loss,cate_output_categorical_accuracy,cate_output_loss,loss,lr
0,2.4689931869506836,0.0007134703337214887,14.985925674438477,17.454927444458008,0.00085501786
1,3.3070168495178223,0.0009988584788516164,8.197844505310059,11.504868507385254,0.000505
2,3.324378728866577,0.0011415524641051888,5.112871170043945,8.437250137329102,0.00015498215
